,Manager,Player,Team,Total Wildcard,Total Division,Total Conference,Total Superbowl,Total Points
0,2-10 Hahaha,Josh Allen,BUF,30.480000000000004,0.0,0.0,0.0,30.480000000000004
1,A G-Thang,Josh Allen,BUF,30.480000000000004,0.0,0.0,0.0,30.480000000000004
2,Abarrett35,Josh Allen,BUF,30.480000000000004,0.0,0.0,0.0,30.480000000000004
3,Alexander’s Raiders,Josh Allen,BUF,30.480000000000004,0.0,0.0,0.0,30.480000000000004
4,Ball Too Well (Allie’s Version),Lamar Jackson,BAL,26.1,0.0,0.0,0.0,26.1
5,Blake Rogers,Josh Allen,BUF,30.480000000000004,0.0,0.0,0.0,30.480000000000004
6,Born tua be wild ,Josh Allen,BUF,30.480000000000004,0.0,0.0,0.0,30.480000000000004
7,Danny,Josh Allen,BUF,30.480000000000004,0.0,0.0,0.0,30.480000000000004
8,Erin M | HearMeowt,Lamar Jackson,BAL,26.1,0.0,0.0,0.0,26.1
9,Ethan R,Josh Allen,BUF,30.480000000000004,0.0,0.0,0.0,30.480000000000004
10,F.O.G.| Joe Pino,Lamar Jackson,BAL,26.1,0.0,0.0,0.0,26.1
11,Fantasy Fumble Funnies,Josh Allen,BUF,30.480000000000004,0.0,0.0,0.0,30.480000000000004
12,Gage ,Josh Allen,BUF,30.480000000000004,0.0,0.0,0.0,30.480000000000004
13,Griffin Stanley,Josh Allen,BUF,30.480000000000004,0.0,0.0,0.0,30.480000000000004
14,Hawk Tua | Brock Michalek ,Josh Allen,BUF,30.480000000000004,0.0,0.0,0.0,30.480000000000004
15,Karrtoons,Josh Allen,BUF,30.480000000000004,0.0,0.0,0.0,30.480000000000004
16,Liebersquad,Lamar Jackson,BAL,26.1,0.0,0.0,0.0,26.1
17,Matt’s last chance at fantasy,Josh Allen,BUF,30.480000000000004,0.0,0.0,0.0,30.480000000000004
18,Maye Day,Lamar Jackson,BAL,26.1,0.0,0.0,0.0,26.1
19,McSRQ,Josh Allen,BUF,30.480000000000004,0.0,0.0,0.0,30.480000000000004
20,Miami Mike Goes Detroit,Josh Allen,BUF,30.480000000000004,0.0,0.0,0.0,30.480000000000004
21,Michaels motivated sea'men,Josh Allen,BUF,30.480000000000004,0.0,0.0,0.0,30.480000000000004
22,Murphys,Lamar Jackson,BAL,26.1,0.0,0.0,0.0,26.1
23,Mythical Hail Marys,Lamar Jackson,BAL,26.1,0.0,0.0,0.0,26.1
24,New Year |  Same Me | Wesley ,Lamar Jackson,BAL,26.1,0.0,0.0,0.0,26.1
25,Nick Dakuginow,Josh Allen,BUF,30.480000000000004,0.0,0.0,0.0,30.480000000000004
26,Pirates Life For Me ,Lamar Jackson,BAL,26.1,0.0,0.0,0.0,26.1
27,Sarasota Supreme Team ,Lamar Jackson,BAL,26.1,0.0,0.0,0.0,26.1
28,See deez TDs,Lamar Jackson,BAL,26.1,0.0,0.0,0.0,26.1
29,Shaun McElroy,Jalen Hurts,PHI,18.840000000000003,0.0,0.0,0.0,18.840000000000003
30,Shot in the Dark / JC,Josh Allen,BUF,30.480000000000004,0.0,0.0,0.0,30.480000000000004
31,Show Me Your TDs!/Richard Silva,Josh Allen,BUF,30.480000000000004,0.0,0.0,0.0,30.480000000000004
32,Silver Papa,Lamar Jackson,BAL,26.1,0.0,0.0,0.0,26.1
33,Stat-O-Matic | Chris K,Josh Allen,BUF,30.480000000000004,0.0,0.0,0.0,30.480000000000004
34,Tanja,Josh Allen,BUF,30.480000000000004,0.0,0.0,0.0,30.480000000000004
35,Turd Ferguson,Josh Allen,BUF,30.480000000000004,0.0,0.0,0.0,30.480000000000004
36,Tutt-Nation,Lamar Jackson,BAL,26.1,0.0,0.0,0.0,26.1
37,2-10 Hahaha,Baker Mayfield,TB,18.7,0.0,0.0,0.0,18.7
38,A G-Thang,Patrick Mahomes,KC,0.0,9.48,0.0,0.0,9.48
39,Abarrett35,Jared Goff,DET,0.0,11.219999999999999,0.0,0.0,11.219999999999999
40,Alexander’s Raiders,Baker Mayfield,TB,18.7,0.0,0.0,0.0,18.7
41,Ball Too Well (Allie’s Version),Baker Mayfield,TB,18.7,0.0,0.0,0.0,18.7
42,Blake Rogers,Patrick Mahomes,KC,0.0,9.48,0.0,0.0,9.48
43,Born tua be wild ,Jared Goff,DET,0.0,11.219999999999999,0.0,0.0,11.219999999999999
44,Danny,Jared Goff,DET,0.0,11.219999999999999,0.0,0.0,11.219999999999999
45,Erin M | HearMeowt,Jared Goff,DET,0.0,11.219999999999999,0.0,0.0,11.219999999999999
46,Ethan R,Baker Mayfield,TB,18.7,0.0,0.0,0.0,18.7
47,F.O.G.| Joe Pino,Jared Goff,DET,0.0,11.219999999999999,0.0,0.0,11.219999999999999
48,Fantasy Fumble Funnies,Patrick Mahomes,KC,0.0,9.48,0.0,0.0,9.48
49,Gage ,Jared Goff,DET,0.0,11.219999999999999,0.0,0.0,11.219999999999999
50,Griffin Stanley,Jared Goff,DET,0.0,11.219999999999999,0.0,0.0,11.219999999999999
51,Hawk Tua | Brock Michalek ,Jared Goff,DET,0.0,11.219999999999999,0.0,0.0,11.219999999999999
52,Karrtoons,Patrick Mahomes,KC,0.0,9.48,0.0,0.0,9.48
53,Liebersquad,Jared Goff,DET,0.0,11.219999999999999,0.0,0.0,11.219999999999999
54,Matt’s last chance at fantasy,Patrick Mahomes,KC,0.0,9.48,0.0,0.0,9.48
55,Maye Day,Patrick Mahomes,KC,0.0,9.48,0.0,0.0,9.48
56,McSRQ,Jared Goff,DET,0.0,11.219999999999999,0.0,0.0,11.219999999999999
57,Miami Mike Goes Detroit,Jared Goff,DET,0.0,11.219999999999999,0.0,0.0,11.219999999999999
58,Michaels motivated sea'men,Jared Goff,DET,0.0,11.219999999999999,0.0,0.0,11.219999999999999
59,Murphys,Jared Goff,DET,0.0,11.219999999999999,0.0,0.0,11.219999999999999
60,Mythical Hail Marys,Patrick Mahomes,KC,0.0,9.48,0.0,0.0,9.48
61,New Year |  Same Me | Wesley ,Baker Mayfield,TB,18.7,0.0,0.0,0.0,18.7
62,Nick Dakuginow,Patrick Mahomes,KC,0.0,9.48,0.0,0.0,9.48
63,Pirates Life For Me ,Jared Goff,DET,0.0,11.219999999999999,0.0,0.0,11.219999999999999
64,Sarasota Supreme Team ,Patrick Mahomes,KC,0.0,9.48,0.0,0.0,9.48
65,See deez TDs,Patrick Mahomes,KC,0.0,9.48,0.0,0.0,9.48
66,Shaun McElroy,Patrick Mahomes,KC,0.0,9.48,0.0,0.0,9.48
67,Shot in the Dark / JC,Jared Goff,DET,0.0,11.219999999999999,0.0,0.0,11.219999999999999
68,Show Me Your TDs!/Richard Silva,Patrick Mahomes,KC,0.0,9.48,0.0,0.0,9.48
69,Silver Papa,Jared Goff,DET,0.0,11.219999999999999,0.0,0.0,11.219999999999999
70,Stat-O-Matic | Chris K,Patrick Mahomes,KC,0.0,9.48,0.0,0.0,9.48
71,Tanja,Jared Goff,DET,0.0,11.219999999999999,0.0,0.0,11.219999999999999
72,Turd Ferguson,Sam Darnold,MIN,4.700000000000001,0.0,0.0,0.0,4.700000000000001
73,Tutt-Nation,Patrick Mahomes,KC,0.0,9.48,0.0,0.0,9.48
74,2-10 Hahaha,Matthew Stafford,LAR,18.259999999999998,0.0,0.0,0.0,18.259999999999998
75,A G-Thang,Matthew Stafford,LAR,18.259999999999998,0.0,0.0,0.0,18.259999999999998
76,Abarrett35,C.J. Stroud,HOU,14.48,4.000000000000001,0.0,0.0,18.48
77,Alexander’s Raiders,Bo Nix,DEN,15.059999999999999,0.0,0.0,0.0,15.059999999999999
78,Ball Too Well (Allie’s Version),Bo Nix,DEN,15.059999999999999,0.0,0.0,0.0,15.059999999999999
79,Blake Rogers,Matthew Stafford,LAR,18.259999999999998,0.0,0.0,0.0,18.259999999999998
80,Born tua be wild ,Jordan Love,GB,1.4800000000000004,0.0,0.0,0.0,1.4800000000000004
81,Danny,Jordan Love,GB,1.4800000000000004,0.0,0.0,0.0,1.4800000000000004
82,Erin M | HearMeowt,Matthew Stafford,LAR,18.259999999999998,0.0,0.0,0.0,18.259999999999998
83,Ethan R,Jordan Love,GB,1.4800000000000004,0.0,0.0,0.0,1.4800000000000004
84,F.O.G.| Joe Pino,Russell Wilson,PIT,19.400000000000002,0.0,0.0,0.0,19.400000000000002
85,Fantasy Fumble Funnies,Jordan Love,GB,1.4800000000000004,0.0,0.0,0.0,1.4800000000000004
86,Gage ,Jordan Love,GB,1.4800000000000004,0.0,0.0,0.0,1.4800000000000004
87,Griffin Stanley,Matthew Stafford,LAR,18.259999999999998,0.0,0.0,0.0,18.259999999999998
88,Hawk Tua | Brock Michalek ,Bo Nix,DEN,15.059999999999999,0.0,0.0,0.0,15.059999999999999
89,Karrtoons,Bo Nix,DEN,15.059999999999999,0.0,0.0,0.0,15.059999999999999
90,Liebersquad,Matthew Stafford,LAR,18.259999999999998,0.0,0.0,0.0,18.259999999999998
91,Matt’s last chance at fantasy,Matthew Stafford,LAR,18.259999999999998,0.0,0.0,0.0,18.259999999999998
92,Maye Day,Jordan Love,GB,1.4800000000000004,0.0,0.0,0.0,1.4800000000000004
93,McSRQ,C.J. Stroud,HOU,14.48,4.000000000000001,0.0,0.0,18.48
94,Miami Mike Goes Detroit,Jordan Love,GB,1.4800000000000004,0.0,0.0,0.0,1.4800000000000004
95,Michaels motivated sea'men,Jordan Love,GB,1.4800000000000004,0.0,0.0,0.0,1.4800000000000004
96,Murphys,Jordan Love,GB,1.4800000000000004,0.0,0.0,0.0,1.4800000000000004
97,Mythical Hail Marys,Matthew Stafford,LAR,18.259999999999998,0.0,0.0,0.0,18.259999999999998
98,New Year |  Same Me | Wesley ,Jordan Love,GB,1.4800000000000004,0.0,0.0,0.0,1.4800000000000004
99,Nick Dakuginow,Matthew Stafford,LAR,18.259999999999998,0.0,0.0,0.0,18.259999999999998
100,Pirates Life For Me ,Jordan Love,GB,1.4800000000000004,0.0,0.0,0.0,1.4800000000000004
101,Sarasota Supreme Team ,Jordan Love,GB,1.4800000000000004,0.0,0.0,0.0,1.4800000000000004
102,See deez TDs,Bo Nix,DEN,15.059999999999999,0.0,0.0,0.0,15.059999999999999
103,Shaun McElroy,Matthew Stafford,LAR,18.259999999999998,0.0,0.0,0.0,18.259999999999998
104,Shot in the Dark / JC,Matthew Stafford,LAR,18.259999999999998,0.0,0.0,0.0,18.259999999999998
105,Show Me Your TDs!/Richard Silva,Matthew Stafford,LAR,18.259999999999998,0.0,0.0,0.0,18.259999999999998
106,Silver Papa,Matthew Stafford,LAR,18.259999999999998,0.0,0.0,0.0,18.259999999999998
107,Stat-O-Matic | Chris K,Matthew Stafford,LAR,18.259999999999998,0.0,0.0,0.0,18.259999999999998
108,Tanja,Jordan Love,GB,1.4800000000000004,0.0,0.0,0.0,1.4800000000000004
109,Turd Ferguson,Jordan Love,GB,1.4800000000000004,0.0,0.0,0.0,1.4800000000000004
110,Tutt-Nation,Russell Wilson,PIT,19.400000000000002,0.0,0.0,0.0,19.400000000000002
111,2-10 Hahaha,Saquon Barkley,PHI,16.3,0.0,0.0,0.0,16.3
112,A G-Thang,Derrick Henry,BAL,33.6,0.0,0.0,0.0,33.6
113,Abarrett35,Jahmyr Gibbs,DET,0.0,37.5,0.0,0.0,37.5
114,Alexander’s Raiders,James Cook,BUF,20.0,0.0,0.0,0.0,20.0
115,Ball Too Well (Allie’s Version),Saquon Barkley,PHI,16.3,0.0,0.0,0.0,16.3
116,Blake Rogers,J.K. Dobbins,LAC,2.6,0.0,0.0,0.0,2.6
117,Born tua be wild ,Saquon Barkley,PHI,16.3,0.0,0.0,0.0,16.3
118,Danny,Saquon Barkley,PHI,16.3,0.0,0.0,0.0,16.3
119,Erin M | HearMeowt,Jahmyr Gibbs,DET,0.0,37.5,0.0,0.0,37.5
120,Ethan R,James Cook,BUF,20.0,0.0,0.0,0.0,20.0
121,F.O.G.| Joe Pino,Derrick Henry,BAL,33.6,0.0,0.0,0.0,33.6
122,Fantasy Fumble Funnies,Saquon Barkley,PHI,16.3,0.0,0.0,0.0,16.3
123,Gage ,Saquon Barkley,PHI,16.3,0.0,0.0,0.0,16.3
124,Griffin Stanley,Saquon Barkley,PHI,16.3,0.0,0.0,0.0,16.3
125,Hawk Tua | Brock Michalek ,Saquon Barkley,PHI,16.3,0.0,0.0,0.0,16.3
126,Karrtoons,Saquon Barkley,PHI,16.3,0.0,0.0,0.0,16.3
127,Liebersquad,Jahmyr Gibbs,DET,0.0,37.5,0.0,0.0,37.5
128,Matt’s last chance at fantasy,Jahmyr Gibbs,DET,0.0,37.5,0.0,0.0,37.5
129,Maye Day,Derrick Henry,BAL,33.6,0.0,0.0,0.0,33.6
130,McSRQ,Derrick Henry,BAL,33.6,0.0,0.0,0.0,33.6
131,Miami Mike Goes Detroit,Jahmyr Gibbs,DET,0.0,37.5,0.0,0.0,37.5
132,Michaels motivated sea'men,Jahmyr Gibbs,DET,0.0,37.5,0.0,0.0,37.5
133,Murphys,Saquon Barkley,PHI,16.3,0.0,0.0,0.0,16.3
134,Mythical Hail Marys,Derrick Henry,BAL,33.6,0.0,0.0,0.0,33.6
135,New Year |  Same Me | Wesley ,Saquon Barkley,PHI,16.3,0.0,0.0,0.0,16.3
136,Nick Dakuginow,Saquon Barkley,PHI,16.3,0.0,0.0,0.0,16.3
137,Pirates Life For Me ,Derrick Henry,BAL,33.6,0.0,0.0,0.0,33.6
138,Sarasota Supreme Team ,Derrick Henry,BAL,33.6,0.0,0.0,0.0,33.6
139,See deez TDs,Saquon Barkley,PHI,16.3,0.0,0.0,0.0,16.3
140,Shaun McElroy,Saquon Barkley,PHI,16.3,0.0,0.0,0.0,16.3
141,Shot in the Dark / JC,James Cook,BUF,20.0,0.0,0.0,0.0,20.0
142,Show Me Your TDs!/Richard Silva,Derrick Henry,BAL,33.6,0.0,0.0,0.0,33.6
143,Silver Papa,Derrick Henry,BAL,33.6,0.0,0.0,0.0,33.6
144,Stat-O-Matic | Chris K,Saquon Barkley,PHI,16.3,0.0,0.0,0.0,16.3
145,Tanja,James Cook,BUF,20.0,0.0,0.0,0.0,20.0
146,Turd Ferguson,Derrick Henry,BAL,33.6,0.0,0.0,0.0,33.6
147,Tutt-Nation,Jahmyr Gibbs,DET,0.0,37.5,0.0,0.0,37.5
148,2-10 Hahaha,Aaron Jones,MIN,9.0,0.0,0.0,0.0,9.0
149,A G-Thang,Aaron Jones,MIN,9.0,0.0,0.0,0.0,9.0
150,Abarrett35,Joe Mixon,HOU,18.900000000000002,18.0,0.0,0.0,36.900000000000006
151,Alexander’s Raiders,Joe Mixon,HOU,18.900000000000002,18.0,0.0,0.0,36.900000000000006
152,Ball Too Well (Allie’s Version),Josh Jacobs,GB,19.1,0.0,0.0,0.0,19.1
153,Blake Rogers,Isiah Pacheco,KC,0.0,1.8,0.0,0.0,1.8
154,Born tua be wild ,Josh Jacobs,GB,19.1,0.0,0.0,0.0,19.1
155,Danny,Josh Jacobs,GB,19.1,0.0,0.0,0.0,19.1
156,Erin M | HearMeowt,Isiah Pacheco,KC,0.0,1.8,0.0,0.0,1.8
157,Ethan R,Isiah Pacheco,KC,0.0,1.8,0.0,0.0,1.8
158,F.O.G.| Joe Pino,Isiah Pacheco,KC,0.0,1.8,0.0,0.0,1.8
159,Fantasy Fumble Funnies,Aaron Jones,MIN,9.0,0.0,0.0,0.0,9.0
160,Gage ,Josh Jacobs,GB,19.1,0.0,0.0,0.0,19.1
161,Griffin Stanley,Aaron Jones,MIN,9.0,0.0,0.0,0.0,9.0
162,Hawk Tua | Brock Michalek ,Josh Jacobs,GB,19.1,0.0,0.0,0.0,19.1
163,Karrtoons,Isiah Pacheco,KC,0.0,1.8,0.0,0.0,1.8
164,Liebersquad,Aaron Jones,MIN,9.0,0.0,0.0,0.0,9.0
165,Matt’s last chance at fantasy,Aaron Jones,MIN,9.0,0.0,0.0,0.0,9.0
166,Maye Day,Josh Jacobs,GB,19.1,0.0,0.0,0.0,19.1
167,McSRQ,Isiah Pacheco,KC,0.0,1.8,0.0,0.0,1.8
168,Miami Mike Goes Detroit,Josh Jacobs,GB,19.1,0.0,0.0,0.0,19.1
169,Michaels motivated sea'men,Kyren Williams,LAR,18.2,0.0,0.0,0.0,18.2
170,Murphys,Aaron Jones,MIN,9.0,0.0,0.0,0.0,9.0
171,Mythical Hail Marys,Aaron Jones,MIN,9.0,0.0,0.0,0.0,9.0
172,New Year |  Same Me | Wesley ,Josh Jacobs,GB,19.1,0.0,0.0,0.0,19.1
173,Nick Dakuginow,Isiah Pacheco,KC,0.0,1.8,0.0,0.0,1.8
174,Pirates Life For Me ,Josh Jacobs,GB,19.1,0.0,0.0,0.0,19.1
175,Sarasota Supreme Team ,Josh Jacobs,GB,19.1,0.0,0.0,0.0,19.1
176,See deez TDs,Kyren Williams,LAR,18.2,0.0,0.0,0.0,18.2
177,Shaun McElroy,Kyren Williams,LAR,18.2,0.0,0.0,0.0,18.2
178,Shot in the Dark / JC,Aaron Jones,MIN,9.0,0.0,0.0,0.0,9.0
179,Show Me Your TDs!/Richard Silva,Isiah Pacheco,KC,0.0,1.8,0.0,0.0,1.8
180,Silver Papa,Aaron Jones,MIN,9.0,0.0,0.0,0.0,9.0
181,Stat-O-Matic | Chris K,Kyren Williams,LAR,18.2,0.0,0.0,0.0,18.2
182,Tanja,Aaron Jones,MIN,9.0,0.0,0.0,0.0,9.0
183,Turd Ferguson,Aaron Jones,MIN,9.0,0.0,0.0,0.0,9.0
184,Tutt-Nation,Josh Jacobs,GB,19.1,0.0,0.0,0.0,19.1
185,2-10 Hahaha,Rachaad White,TB,3.5000000000000004,0.0,0.0,0.0,3.5000000000000004
186,A G-Thang,Brian Robinson Jr.,WAS,7.800000000000001,19.7,0.0,0.0,27.5
187,Abarrett35,Najee Harris,PIT,8.8,0.0,0.0,0.0,8.8
188,Alexander’s Raiders,Bucky Irving,TB,16.3,0.0,0.0,0.0,16.3
189,Ball Too Well (Allie’s Version),Bucky Irving,TB,16.3,0.0,0.0,0.0,16.3
190,Blake Rogers,Kareem Hunt,KC,0.0,11.6,0.0,0.0,11.6
191,Born tua be wild ,Brian Robinson Jr.,WAS,7.800000000000001,19.7,0.0,0.0,27.5
192,Danny,Bucky Irving,TB,16.3,0.0,0.0,0.0,16.3
193,Erin M | HearMeowt,Bucky Irving,TB,16.3,0.0,0.0,0.0,16.3
194,Ethan R,Bucky Irving,TB,16.3,0.0,0.0,0.0,16.3
195,F.O.G.| Joe Pino,Bucky Irving,TB,16.3,0.0,0.0,0.0,16.3
196,Fantasy Fumble Funnies,Rachaad White,TB,3.5000000000000004,0.0,0.0,0.0,3.5000000000000004
197,Gage ,Bucky Irving,TB,16.3,0.0,0.0,0.0,16.3
198,Griffin Stanley,Kareem Hunt,KC,0.0,11.6,0.0,0.0,11.6
199,Hawk Tua | Brock Michalek ,Bucky Irving,TB,16.3,0.0,0.0,0.0,16.3
200,Karrtoons,Bucky Irving,TB,16.3,0.0,0.0,0.0,16.3
201,Liebersquad,Bucky Irving,TB,16.3,0.0,0.0,0.0,16.3
202,Matt’s last chance at fantasy,Kareem Hunt,KC,0.0,11.6,0.0,0.0,11.6
203,Maye Day,Bucky Irving,TB,16.3,0.0,0.0,0.0,16.3
204,McSRQ,Rachaad White,TB,3.5000000000000004,0.0,0.0,0.0,3.5000000000000004
205,Miami Mike Goes Detroit,Bucky Irving,TB,16.3,0.0,0.0,0.0,16.3
206,Michaels motivated sea'men,Bucky Irving,TB,16.3,0.0,0.0,0.0,16.3
207,Murphys,Brian Robinson Jr.,WAS,7.800000000000001,19.7,0.0,0.0,27.5
208,Mythical Hail Marys,Rachaad White,TB,3.5000000000000004,0.0,0.0,0.0,3.5000000000000004
209,New Year |  Same Me | Wesley ,Bucky Irving,TB,16.3,0.0,0.0,0.0,16.3
210,Nick Dakuginow,Bucky Irving,TB,16.3,0.0,0.0,0.0,16.3
211,Pirates Life For Me ,Bucky Irving,TB,16.3,0.0,0.0,0.0,16.3
212,Sarasota Supreme Team ,Kareem Hunt,KC,0.0,11.6,0.0,0.0,11.6
213,See deez TDs,Bucky Irving,TB,16.3,0.0,0.0,0.0,16.3
214,Shaun McElroy,Bucky Irving,TB,16.3,0.0,0.0,0.0,16.3
215,Shot in the Dark / JC,Bucky Irving,TB,16.3,0.0,0.0,0.0,16.3
216,Show Me Your TDs!/Richard Silva,Kareem Hunt,KC,0.0,11.6,0.0,0.0,11.6
217,Silver Papa,Brian Robinson Jr.,WAS,7.800000000000001,19.7,0.0,0.0,27.5
218,Stat-O-Matic | Chris K,Bucky Irving,TB,16.3,0.0,0.0,0.0,16.3
219,Tanja,Bucky Irving,TB,16.3,0.0,0.0,0.0,16.3
220,Turd Ferguson,Bucky Irving,TB,16.3,0.0,0.0,0.0,16.3
221,Tutt-Nation,Bucky Irving,TB,16.3,0.0,0.0,0.0,16.3
222,2-10 Hahaha,Kenneth Gainwell,PHI,1.4000000000000001,0.0,0.0,0.0,1.4000000000000001
223,A G-Thang,Jaylen Warren,PIT,6.5,0.0,0.0,0.0,6.5
224,Abarrett35,Javonte Williams,DEN,6.300000000000001,0.0,0.0,0.0,6.300000000000001
225,Alexander’s Raiders,Ray Davis,BUF,0.30000000000000004,0.0,0.0,0.0,0.30000000000000004
226,Ball Too Well (Allie’s Version),Jeremy McNichols,WAS,0.1,6.8,0.0,0.0,6.8999999999999995
227,Blake Rogers,Ray Davis,BUF,0.30000000000000004,0.0,0.0,0.0,0.30000000000000004
228,Born tua be wild ,Ty Johnson,BUF,15.0,0.0,0.0,0.0,15.0
229,Danny,Kenneth Gainwell,PHI,1.4000000000000001,0.0,0.0,0.0,1.4000000000000001
230,Erin M | HearMeowt,Craig Reynolds,DET,0.0,0.0,0.0,0.0,0.0
231,Ethan R,Ray Davis,BUF,0.30000000000000004,0.0,0.0,0.0,0.30000000000000004
232,F.O.G.| Joe Pino,Dameon Pierce,HOU,1.5,1.0,0.0,0.0,2.5
233,Fantasy Fumble Funnies,Ray Davis,BUF,0.30000000000000004,0.0,0.0,0.0,0.30000000000000004
234,Gage ,Ray Davis,BUF,0.30000000000000004,0.0,0.0,0.0,0.30000000000000004
235,Griffin Stanley,Blake Corum,LAR,0.0,0.0,0.0,0.0,0.0
236,Hawk Tua | Brock Michalek ,Jaylen Warren,PIT,6.5,0.0,0.0,0.0,6.5
237,Karrtoons,Ty Johnson,BUF,15.0,0.0,0.0,0.0,15.0
238,Liebersquad,Ray Davis,BUF,0.30000000000000004,0.0,0.0,0.0,0.30000000000000004
239,Matt’s last chance at fantasy,Jaylen Warren,PIT,6.5,0.0,0.0,0.0,6.5
240,Maye Day,Jaylen Warren,PIT,6.5,0.0,0.0,0.0,6.5
241,McSRQ,Ty Johnson,BUF,15.0,0.0,0.0,0.0,15.0
242,Miami Mike Goes Detroit,Ray Davis,BUF,0.30000000000000004,0.0,0.0,0.0,0.30000000000000004
243,Michaels motivated sea'men,Craig Reynolds,DET,0.0,0.0,0.0,0.0,0.0
244,Murphys,Craig Reynolds,DET,0.0,0.0,0.0,0.0,0.0
245,Mythical Hail Marys,Ty Johnson,BUF,15.0,0.0,0.0,0.0,15.0
246,New Year |  Same Me | Wesley ,Javonte Williams,DEN,6.300000000000001,0.0,0.0,0.0,6.300000000000001
247,Nick Dakuginow,Ray Davis,BUF,0.30000000000000004,0.0,0.0,0.0,0.30000000000000004
248,Pirates Life For Me ,Blake Corum,LAR,0.0,0.0,0.0,0.0,0.0
249,Sarasota Supreme Team ,Ray Davis,BUF,0.30000000000000004,0.0,0.0,0.0,0.30000000000000004
250,See deez TDs,Ray Davis,BUF,0.30000000000000004,0.0,0.0,0.0,0.30000000000000004
251,Shaun McElroy,Ray Davis,BUF,0.30000000000000004,0.0,0.0,0.0,0.30000000000000004
252,Shot in the Dark / JC,Emanuel Wilson,GB,3.9000000000000004,0.0,0.0,0.0,3.9000000000000004
253,Show Me Your TDs!/Richard Silva,Craig Reynolds,DET,0.0,0.0,0.0,0.0,0.0
254,Silver Papa,Jaleel McLaughlin,DEN,0.8,0.0,0.0,0.0,0.8
255,Stat-O-Matic | Chris K,Jaylen Warren,PIT,6.5,0.0,0.0,0.0,6.5
256,Tanja,Ray Davis,BUF,0.30000000000000004,0.0,0.0,0.0,0.30000000000000004
257,Turd Ferguson,Jaleel McLaughlin,DEN,0.8,0.0,0.0,0.0,0.8
258,Tutt-Nation,Craig Reynolds,DET,0.0,0.0,0.0,0.0,0.0
259,2-10 Hahaha,Justin Jefferson,MIN,10.8,0.0,0.0,0.0,10.8
260,A G-Thang,Mike Evans,TB,22.200000000000003,0.0,0.0,0.0,22.200000000000003
261,Abarrett35,Amon-Ra St. Brown,DET,0.0,23.700000000000003,0.0,0.0,23.700000000000003
262,Alexander’s Raiders,Mike Evans,TB,22.200000000000003,0.0,0.0,0.0,22.200000000000003
263,Ball Too Well (Allie’s Version),Amon-Ra St. Brown,DET,0.0,23.700000000000003,0.0,0.0,23.700000000000003
264,Blake Rogers,Mike Evans,TB,22.200000000000003,0.0,0.0,0.0,22.200000000000003
265,Born tua be wild ,Amon-Ra St. Brown,DET,0.0,23.700000000000003,0.0,0.0,23.700000000000003
266,Danny,Amon-Ra St. Brown,DET,0.0,23.700000000000003,0.0,0.0,23.700000000000003
267,Erin M | HearMeowt,Amon-Ra St. Brown,DET,0.0,23.700000000000003,0.0,0.0,23.700000000000003
268,Ethan R,Mike Evans,TB,22.200000000000003,0.0,0.0,0.0,22.200000000000003
269,F.O.G.| Joe Pino,Amon-Ra St. Brown,DET,0.0,23.700000000000003,0.0,0.0,23.700000000000003
270,Fantasy Fumble Funnies,A.J. Brown,PHI,2.0,0.0,0.0,0.0,2.0
271,Gage ,Amon-Ra St. Brown,DET,0.0,23.700000000000003,0.0,0.0,23.700000000000003
272,Griffin Stanley,Justin Jefferson,MIN,10.8,0.0,0.0,0.0,10.8
273,Hawk Tua | Brock Michalek ,Amon-Ra St. Brown,DET,0.0,23.700000000000003,0.0,0.0,23.700000000000003
274,Karrtoons,Amon-Ra St. Brown,DET,0.0,23.700000000000003,0.0,0.0,23.700000000000003
275,Liebersquad,A.J. Brown,PHI,2.0,0.0,0.0,0.0,2.0
276,Matt’s last chance at fantasy,Amon-Ra St. Brown,DET,0.0,23.700000000000003,0.0,0.0,23.700000000000003
277,Maye Day,Justin Jefferson,MIN,10.8,0.0,0.0,0.0,10.8
278,McSRQ,Mike Evans,TB,22.200000000000003,0.0,0.0,0.0,22.200000000000003
279,Miami Mike Goes Detroit,Amon-Ra St. Brown,DET,0.0,23.700000000000003,0.0,0.0,23.700000000000003
280,Michaels motivated sea'men,Amon-Ra St. Brown,DET,0.0,23.700000000000003,0.0,0.0,23.700000000000003
281,Murphys,Amon-Ra St. Brown,DET,0.0,23.700000000000003,0.0,0.0,23.700000000000003
282,Mythical Hail Marys,A.J. Brown,PHI,2.0,0.0,0.0,0.0,2.0
283,New Year |  Same Me | Wesley ,A.J. Brown,PHI,2.0,0.0,0.0,0.0,2.0
284,Nick Dakuginow,A.J. Brown,PHI,2.0,0.0,0.0,0.0,2.0
285,Pirates Life For Me ,Mike Evans,TB,22.200000000000003,0.0,0.0,0.0,22.200000000000003
286,Sarasota Supreme Team ,Amon-Ra St. Brown,DET,0.0,23.700000000000003,0.0,0.0,23.700000000000003
287,See deez TDs,A.J. Brown,PHI,2.0,0.0,0.0,0.0,2.0
288,Shaun McElroy,Amon-Ra St. Brown,DET,0.0,23.700000000000003,0.0,0.0,23.700000000000003
289,Shot in the Dark / JC,Amon-Ra St. Brown,DET,0.0,23.700000000000003,0.0,0.0,23.700000000000003
290,Show Me Your TDs!/Richard Silva,Amon-Ra St. Brown,DET,0.0,23.700000000000003,0.0,0.0,23.700000000000003
291,Silver Papa,Justin Jefferson,MIN,10.8,0.0,0.0,0.0,10.8
292,Stat-O-Matic | Chris K,Amon-Ra St. Brown,DET,0.0,23.700000000000003,0.0,0.0,23.700000000000003
293,Tanja,Amon-Ra St. Brown,DET,0.0,23.700000000000003,0.0,0.0,23.700000000000003
294,Turd Ferguson,Amon-Ra St. Brown,DET,0.0,23.700000000000003,0.0,0.0,23.700000000000003
295,Tutt-Nation,Amon-Ra St. Brown,DET,0.0,23.700000000000003,0.0,0.0,23.700000000000003
296,2-10 Hahaha,Khalil Shakir,BUF,12.100000000000001,0.0,0.0,0.0,12.100000000000001
297,A G-Thang,Jordan Addison,MIN,5.9,0.0,0.0,0.0,5.9
298,Abarrett35,Puka Nacua,LAR,10.1,0.0,0.0,0.0,10.1
299,Alexander’s Raiders,Khalil Shakir,BUF,12.100000000000001,0.0,0.0,0.0,12.100000000000001
300,Ball Too Well (Allie’s Version),Puka Nacua,LAR,10.1,0.0,0.0,0.0,10.1
301,Blake Rogers,Khalil Shakir,BUF,12.100000000000001,0.0,0.0,0.0,12.100000000000001
302,Born tua be wild ,DeVonta Smith,PHI,9.5,0.0,0.0,0.0,9.5
303,Danny,Khalil Shakir,BUF,12.100000000000001,0.0,0.0,0.0,12.100000000000001
304,Erin M | HearMeowt,DeVonta Smith,PHI,9.5,0.0,0.0,0.0,9.5
305,Ethan R,Jordan Addison,MIN,5.9,0.0,0.0,0.0,5.9
306,F.O.G.| Joe Pino,DeVonta Smith,PHI,9.5,0.0,0.0,0.0,9.5
307,Fantasy Fumble Funnies,Puka Nacua,LAR,10.1,0.0,0.0,0.0,10.1
308,Gage ,Puka Nacua,LAR,10.1,0.0,0.0,0.0,10.1
309,Griffin Stanley,DeVonta Smith,PHI,9.5,0.0,0.0,0.0,9.5
310,Hawk Tua | Brock Michalek ,Ladd McConkey,LAC,39.7,0.0,0.0,0.0,39.7
311,Karrtoons,DeVonta Smith,PHI,9.5,0.0,0.0,0.0,9.5
312,Liebersquad,Ladd McConkey,LAC,39.7,0.0,0.0,0.0,39.7
313,Matt’s last chance at fantasy,Khalil Shakir,BUF,12.100000000000001,0.0,0.0,0.0,12.100000000000001
314,Maye Day,Puka Nacua,LAR,10.1,0.0,0.0,0.0,10.1
315,McSRQ,Khalil Shakir,BUF,12.100000000000001,0.0,0.0,0.0,12.100000000000001
316,Miami Mike Goes Detroit,Ladd McConkey,LAC,39.7,0.0,0.0,0.0,39.7
317,Michaels motivated sea'men,DeVonta Smith,PHI,9.5,0.0,0.0,0.0,9.5
318,Murphys,DeVonta Smith,PHI,9.5,0.0,0.0,0.0,9.5
319,Mythical Hail Marys,Khalil Shakir,BUF,12.100000000000001,0.0,0.0,0.0,12.100000000000001
320,New Year |  Same Me | Wesley ,Ladd McConkey,LAC,39.7,0.0,0.0,0.0,39.7
321,Nick Dakuginow,DeVonta Smith,PHI,9.5,0.0,0.0,0.0,9.5
322,Pirates Life For Me ,Khalil Shakir,BUF,12.100000000000001,0.0,0.0,0.0,12.100000000000001
323,Sarasota Supreme Team ,Khalil Shakir,BUF,12.100000000000001,0.0,0.0,0.0,12.100000000000001
324,See deez TDs,Khalil Shakir,BUF,12.100000000000001,0.0,0.0,0.0,12.100000000000001
325,Shaun McElroy,DeVonta Smith,PHI,9.5,0.0,0.0,0.0,9.5
326,Shot in the Dark / JC,Puka Nacua,LAR,10.1,0.0,0.0,0.0,10.1
327,Show Me Your TDs!/Richard Silva,Khalil Shakir,BUF,12.100000000000001,0.0,0.0,0.0,12.100000000000001
328,Silver Papa,Puka Nacua,LAR,10.1,0.0,0.0,0.0,10.1
329,Stat-O-Matic | Chris K,Puka Nacua,LAR,10.1,0.0,0.0,0.0,10.1
330,Tanja,Khalil Shakir,BUF,12.100000000000001,0.0,0.0,0.0,12.100000000000001
331,Turd Ferguson,Khalil Shakir,BUF,12.100000000000001,0.0,0.0,0.0,12.100000000000001
332,Tutt-Nation,Puka Nacua,LAR,10.1,0.0,0.0,0.0,10.1
333,2-10 Hahaha,Amari Cooper,BUF,2.8,0.0,0.0,0.0,2.8
334,A G-Thang,Jameson Williams,DET,0.0,14.000000000000002,0.0,0.0,14.000000000000002
335,Abarrett35,Nico Collins,HOU,27.200000000000003,13.1,0.0,0.0,40.300000000000004
336,Alexander’s Raiders,Courtland Sutton,DEN,12.5,0.0,0.0,0.0,12.5
337,Ball Too Well (Allie’s Version),Nico Collins,HOU,27.200000000000003,13.1,0.0,0.0,40.300000000000004
338,Blake Rogers,DeAndre Hopkins,KC,0.0,0.0,0.0,0.0,0.0
339,Born tua be wild ,Cooper Kupp,LAR,3.9000000000000004,0.0,0.0,0.0,3.9000000000000004
340,Danny,DeAndre Hopkins,KC,0.0,0.0,0.0,0.0,0.0
341,Erin M | HearMeowt,Jameson Williams,DET,0.0,14.000000000000002,0.0,0.0,14.000000000000002
342,Ethan R,Xavier Worthy,KC,0.0,8.7,0.0,0.0,8.7
343,F.O.G.| Joe Pino,Nico Collins,HOU,27.200000000000003,13.1,0.0,0.0,40.300000000000004
344,Fantasy Fumble Funnies,DeAndre Hopkins,KC,0.0,0.0,0.0,0.0,0.0
345,Gage ,Jameson Williams,DET,0.0,14.000000000000002,0.0,0.0,14.000000000000002
346,Griffin Stanley,Amari Cooper,BUF,2.8,0.0,0.0,0.0,2.8
347,Hawk Tua | Brock Michalek ,Cooper Kupp,LAR,3.9000000000000004,0.0,0.0,0.0,3.9000000000000004
348,Karrtoons,Cooper Kupp,LAR,3.9000000000000004,0.0,0.0,0.0,3.9000000000000004
349,Liebersquad,Jameson Williams,DET,0.0,14.000000000000002,0.0,0.0,14.000000000000002
350,Matt’s last chance at fantasy,Xavier Worthy,KC,0.0,8.7,0.0,0.0,8.7
351,Maye Day,Xavier Worthy,KC,0.0,8.7,0.0,0.0,8.7
352,McSRQ,Amari Cooper,BUF,2.8,0.0,0.0,0.0,2.8
353,Miami Mike Goes Detroit,Jameson Williams,DET,0.0,14.000000000000002,0.0,0.0,14.000000000000002
354,Michaels motivated sea'men,Cooper Kupp,LAR,3.9000000000000004,0.0,0.0,0.0,3.9000000000000004
355,Murphys,Jameson Williams,DET,0.0,14.000000000000002,0.0,0.0,14.000000000000002
356,Mythical Hail Marys,DeAndre Hopkins,KC,0.0,0.0,0.0,0.0,0.0
357,New Year |  Same Me | Wesley ,Amari Cooper,BUF,2.8,0.0,0.0,0.0,2.8
358,Nick Dakuginow,Amari Cooper,BUF,2.8,0.0,0.0,0.0,2.8
359,Pirates Life For Me ,Amari Cooper,BUF,2.8,0.0,0.0,0.0,2.8
360,Sarasota Supreme Team ,Jameson Williams,DET,0.0,14.000000000000002,0.0,0.0,14.000000000000002
361,See deez TDs,Jameson Williams,DET,0.0,14.000000000000002,0.0,0.0,14.000000000000002
362,Shaun McElroy,Xavier Worthy,KC,0.0,8.7,0.0,0.0,8.7
363,Shot in the Dark / JC,Xavier Worthy,KC,0.0,8.7,0.0,0.0,8.7
364,Show Me Your TDs!/Richard Silva,Jameson Williams,DET,0.0,14.000000000000002,0.0,0.0,14.000000000000002
365,Silver Papa,Xavier Worthy,KC,0.0,8.7,0.0,0.0,8.7
366,Stat-O-Matic | Chris K,Xavier Worthy,KC,0.0,8.7,0.0,0.0,8.7
367,Tanja,Xavier Worthy,KC,0.0,8.7,0.0,0.0,8.7
368,Turd Ferguson,Rashod Bateman,BAL,10.4,0.0,0.0,0.0,10.4
369,Tutt-Nation,Courtland Sutton,DEN,12.5,0.0,0.0,0.0,12.5
370,2-10 Hahaha,Keon Coleman,BUF,3.5,0.0,0.0,0.0,3.5
371,A G-Thang,Romeo Doubs,GB,3.3,0.0,0.0,0.0,3.3
372,Abarrett35,Jalen McMillan,TB,6.1000000000000005,0.0,0.0,0.0,6.1000000000000005
373,Alexander’s Raiders,Jalen McMillan,TB,6.1000000000000005,0.0,0.0,0.0,6.1000000000000005
374,Ball Too Well (Allie’s Version),Keon Coleman,BUF,3.5,0.0,0.0,0.0,3.5
375,Blake Rogers,Jalen McMillan,TB,6.1000000000000005,0.0,0.0,0.0,6.1000000000000005
376,Born tua be wild ,Quentin Johnston,LAC,0.0,0.0,0.0,0.0,0.0
377,Danny,Jalen McMillan,TB,6.1000000000000005,0.0,0.0,0.0,6.1000000000000005
378,Erin M | HearMeowt,Jalen McMillan,TB,6.1000000000000005,0.0,0.0,0.0,6.1000000000000005
379,Ethan R,Devaughn Vele,DEN,0.0,0.0,0.0,0.0,0.0
380,F.O.G.| Joe Pino,Jalen McMillan,TB,6.1000000000000005,0.0,0.0,0.0,6.1000000000000005
381,Fantasy Fumble Funnies,Jalen McMillan,TB,6.1000000000000005,0.0,0.0,0.0,6.1000000000000005
382,Gage ,Marvin Mims Jr.,DEN,3.3000000000000003,0.0,0.0,0.0,3.3000000000000003
383,Griffin Stanley,Quentin Johnston,LAC,0.0,0.0,0.0,0.0,0.0
384,Hawk Tua | Brock Michalek ,Olamide Zaccheaus,WAS,4.9,0.0,0.0,0.0,4.9
385,Karrtoons,Demarcus Robinson,LAR,3.3000000000000003,0.0,0.0,0.0,3.3000000000000003
386,Liebersquad,Jalen McMillan,TB,6.1000000000000005,0.0,0.0,0.0,6.1000000000000005
387,Matt’s last chance at fantasy,Keon Coleman,BUF,3.5,0.0,0.0,0.0,3.5
388,Maye Day,Romeo Doubs,GB,3.3,0.0,0.0,0.0,3.3
389,McSRQ,Keon Coleman,BUF,3.5,0.0,0.0,0.0,3.5
390,Miami Mike Goes Detroit,Romeo Doubs,GB,3.3,0.0,0.0,0.0,3.3
391,Michaels motivated sea'men,Dontayvion Wicks,GB,5.9,0.0,0.0,0.0,5.9
392,Murphys,Keon Coleman,BUF,3.5,0.0,0.0,0.0,3.5
393,Mythical Hail Marys,Marvin Mims Jr.,DEN,3.3000000000000003,0.0,0.0,0.0,3.3000000000000003
394,New Year |  Same Me | Wesley ,Jalen McMillan,TB,6.1000000000000005,0.0,0.0,0.0,6.1000000000000005
395,Nick Dakuginow,Quentin Johnston,LAC,0.0,0.0,0.0,0.0,0.0
396,Pirates Life For Me ,Jalen McMillan,TB,6.1000000000000005,0.0,0.0,0.0,6.1000000000000005
397,Sarasota Supreme Team ,Keon Coleman,BUF,3.5,0.0,0.0,0.0,3.5
398,See deez TDs,Jalen McMillan,TB,6.1000000000000005,0.0,0.0,0.0,6.1000000000000005
399,Shaun McElroy,Keon Coleman,BUF,3.5,0.0,0.0,0.0,3.5
400,Shot in the Dark / JC,Jalen McMillan,TB,6.1000000000000005,0.0,0.0,0.0,6.1000000000000005
401,Show Me Your TDs!/Richard Silva,Keon Coleman,BUF,3.5,0.0,0.0,0.0,3.5
402,Silver Papa,Jalen McMillan,TB,6.1000000000000005,0.0,0.0,0.0,6.1000000000000005
403,Stat-O-Matic | Chris K,Jalen McMillan,TB,6.1000000000000005,0.0,0.0,0.0,6.1000000000000005
404,Tanja,Jalen McMillan,TB,6.1000000000000005,0.0,0.0,0.0,6.1000000000000005
405,Turd Ferguson,Quentin Johnston,LAC,0.0,0.0,0.0,0.0,0.0
406,Tutt-Nation,Romeo Doubs,GB,3.3,0.0,0.0,0.0,3.3
407,2-10 Hahaha,Sterling Shepard,TB,0.0,0.0,0.0,0.0,0.0
408,A G-Thang,Tutu Atwell,LAR,0.0,0.0,0.0,0.0,0.0
409,Abarrett35,Diontae Johnson,HOU,2.2,0.0,0.0,0.0,2.2
410,Alexander’s Raiders,Mack Hollins,BUF,2.9000000000000004,0.0,0.0,0.0,2.9000000000000004
411,Ball Too Well (Allie’s Version),Tutu Atwell,LAR,0.0,0.0,0.0,0.0,0.0
412,Blake Rogers,Tutu Atwell,LAR,0.0,0.0,0.0,0.0,0.0
413,Born tua be wild ,Jahan Dotson,PHI,8.1,0.0,0.0,0.0,8.1
414,Danny,Mack Hollins,BUF,2.9000000000000004,0.0,0.0,0.0,2.9000000000000004
415,Erin M | HearMeowt,Tutu Atwell,LAR,0.0,0.0,0.0,0.0,0.0
416,Ethan R,Jalen Nailor,MIN,6.300000000000001,0.0,0.0,0.0,6.300000000000001
417,F.O.G.| Joe Pino,Van Jefferson,PIT,11.7,0.0,0.0,0.0,11.7
418,Fantasy Fumble Funnies,DJ Chark,LAC,2.0,0.0,0.0,0.0,2.0
419,Gage ,Jalen Nailor,MIN,6.300000000000001,0.0,0.0,0.0,6.300000000000001
420,Griffin Stanley,DJ Chark,LAC,2.0,0.0,0.0,0.0,2.0
421,Hawk Tua | Brock Michalek ,John Metchie III,HOU,4.800000000000001,5.5,0.0,0.0,10.3
422,Karrtoons,Sterling Shepard,TB,0.0,0.0,0.0,0.0,0.0
423,Liebersquad,Mack Hollins,BUF,2.9000000000000004,0.0,0.0,0.0,2.9000000000000004
424,Matt’s last chance at fantasy,Jalen Nailor,MIN,6.300000000000001,0.0,0.0,0.0,6.300000000000001
425,Maye Day,Malik Heath,GB,0.0,0.0,0.0,0.0,0.0
426,McSRQ,DJ Chark,LAC,2.0,0.0,0.0,0.0,2.0
427,Miami Mike Goes Detroit,Mack Hollins,BUF,2.9000000000000004,0.0,0.0,0.0,2.9000000000000004
428,Michaels motivated sea'men,Tutu Atwell,LAR,0.0,0.0,0.0,0.0,0.0
429,Murphys,Mack Hollins,BUF,2.9000000000000004,0.0,0.0,0.0,2.9000000000000004
430,Mythical Hail Marys,Tutu Atwell,LAR,0.0,0.0,0.0,0.0,0.0
431,New Year |  Same Me | Wesley ,Jahan Dotson,PHI,8.1,0.0,0.0,0.0,8.1
432,Nick Dakuginow,Mack Hollins,BUF,2.9000000000000004,0.0,0.0,0.0,2.9000000000000004
433,Pirates Life For Me ,Tutu Atwell,LAR,0.0,0.0,0.0,0.0,0.0
434,Sarasota Supreme Team ,Mack Hollins,BUF,2.9000000000000004,0.0,0.0,0.0,2.9000000000000004
435,See deez TDs,Jahan Dotson,PHI,8.1,0.0,0.0,0.0,8.1
436,Shaun McElroy,Mack Hollins,BUF,2.9000000000000004,0.0,0.0,0.0,2.9000000000000004
437,Shot in the Dark / JC,Jalen Nailor,MIN,6.300000000000001,0.0,0.0,0.0,6.300000000000001
438,Show Me Your TDs!/Richard Silva,Mack Hollins,BUF,2.9000000000000004,0.0,0.0,0.0,2.9000000000000004
439,Silver Papa,Jalen Nailor,MIN,6.300000000000001,0.0,0.0,0.0,6.300000000000001
440,Stat-O-Matic | Chris K,Mack Hollins,BUF,2.9000000000000004,0.0,0.0,0.0,2.9000000000000004
441,Tanja,Mack Hollins,BUF,2.9000000000000004,0.0,0.0,0.0,2.9000000000000004
442,Turd Ferguson,John Metchie III,HOU,4.800000000000001,5.5,0.0,0.0,10.3
443,Tutt-Nation,Sterling Shepard,TB,0.0,0.0,0.0,0.0,0.0
444,2-10 Hahaha,Travis Kelce,KC,0.0,26.700000000000003,0.0,0.0,26.700000000000003
445,A G-Thang,Dalton Kincaid,BUF,7.7,0.0,0.0,0.0,7.7
446,Abarrett35,Travis Kelce,KC,0.0,26.700000000000003,0.0,0.0,26.700000000000003
447,Alexander’s Raiders,Dalton Kincaid,BUF,7.7,0.0,0.0,0.0,7.7
448,Ball Too Well (Allie’s Version),Dalton Kincaid,BUF,7.7,0.0,0.0,0.0,7.7
449,Blake Rogers,Travis Kelce,KC,0.0,26.700000000000003,0.0,0.0,26.700000000000003
450,Born tua be wild ,Sam LaPorta,DET,0.0,17.1,0.0,0.0,17.1
451,Danny,Travis Kelce,KC,0.0,26.700000000000003,0.0,0.0,26.700000000000003
452,Erin M | HearMeowt,Travis Kelce,KC,0.0,26.700000000000003,0.0,0.0,26.700000000000003
453,Ethan R,Dalton Kincaid,BUF,7.7,0.0,0.0,0.0,7.7
454,F.O.G.| Joe Pino,Sam LaPorta,DET,0.0,17.1,0.0,0.0,17.1
455,Fantasy Fumble Funnies,Travis Kelce,KC,0.0,26.700000000000003,0.0,0.0,26.700000000000003
456,Gage ,Sam LaPorta,DET,0.0,17.1,0.0,0.0,17.1
457,Griffin Stanley,Sam LaPorta,DET,0.0,17.1,0.0,0.0,17.1
458,Hawk Tua | Brock Michalek ,Sam LaPorta,DET,0.0,17.1,0.0,0.0,17.1
459,Karrtoons,Travis Kelce,KC,0.0,26.700000000000003,0.0,0.0,26.700000000000003
460,Liebersquad,Sam LaPorta,DET,0.0,17.1,0.0,0.0,17.1
461,Matt’s last chance at fantasy,Sam LaPorta,DET,0.0,17.1,0.0,0.0,17.1
462,Maye Day,Travis Kelce,KC,0.0,26.700000000000003,0.0,0.0,26.700000000000003
463,McSRQ,Dalton Kincaid,BUF,7.7,0.0,0.0,0.0,7.7
464,Miami Mike Goes Detroit,Sam LaPorta,DET,0.0,17.1,0.0,0.0,17.1
465,Michaels motivated sea'men,Tucker Kraft,GB,8.6,0.0,0.0,0.0,8.6
466,Murphys,Travis Kelce,KC,0.0,26.700000000000003,0.0,0.0,26.700000000000003
467,Mythical Hail Marys,Dalton Schultz,HOU,4.300000000000001,10.3,0.0,0.0,14.600000000000001
468,New Year |  Same Me | Wesley ,Travis Kelce,KC,0.0,26.700000000000003,0.0,0.0,26.700000000000003
469,Nick Dakuginow,Travis Kelce,KC,0.0,26.700000000000003,0.0,0.0,26.700000000000003
470,Pirates Life For Me ,Sam LaPorta,DET,0.0,17.1,0.0,0.0,17.1
471,Sarasota Supreme Team ,Travis Kelce,KC,0.0,26.700000000000003,0.0,0.0,26.700000000000003
472,See deez TDs,Travis Kelce,KC,0.0,26.700000000000003,0.0,0.0,26.700000000000003
473,Shaun McElroy,Travis Kelce,KC,0.0,26.700000000000003,0.0,0.0,26.700000000000003
474,Shot in the Dark / JC,Sam LaPorta,DET,0.0,17.1,0.0,0.0,17.1
475,Show Me Your TDs!/Richard Silva,Travis Kelce,KC,0.0,26.700000000000003,0.0,0.0,26.700000000000003
476,Silver Papa,Sam LaPorta,DET,0.0,17.1,0.0,0.0,17.1
477,Stat-O-Matic | Chris K,Sam LaPorta,DET,0.0,17.1,0.0,0.0,17.1
478,Tanja,Dalton Kincaid,BUF,7.7,0.0,0.0,0.0,7.7
479,Turd Ferguson,Travis Kelce,KC,0.0,26.700000000000003,0.0,0.0,26.700000000000003
480,Tutt-Nation,Sam LaPorta,DET,0.0,17.1,0.0,0.0,17.1
481,2-10 Hahaha,Mark Andrews,BAL,5.2,0.0,0.0,0.0,5.2
482,A G-Thang,Zach Ertz,WAS,4.300000000000001,13.8,0.0,0.0,18.1
483,Abarrett35,Mark Andrews,BAL,5.2,0.0,0.0,0.0,5.2
484,Alexander’s Raiders,Cade Otton,TB,5.2,0.0,0.0,0.0,5.2
485,Ball Too Well (Allie’s Version),Mark Andrews,BAL,5.2,0.0,0.0,0.0,5.2
486,Blake Rogers,Will Dissly,LAC,3.6,0.0,0.0,0.0,3.6
487,Born tua be wild ,Mark Andrews,BAL,5.2,0.0,0.0,0.0,5.2
488,Danny,Mark Andrews,BAL,5.2,0.0,0.0,0.0,5.2
489,Erin M | HearMeowt,Mark Andrews,BAL,5.2,0.0,0.0,0.0,5.2
490,Ethan R,Pat Freiermuth,PIT,4.5,0.0,0.0,0.0,4.5
491,F.O.G.| Joe Pino,Cade Otton,TB,5.2,0.0,0.0,0.0,5.2
492,Fantasy Fumble Funnies,Mark Andrews,BAL,5.2,0.0,0.0,0.0,5.2
493,Gage ,Mark Andrews,BAL,5.2,0.0,0.0,0.0,5.2
494,Griffin Stanley,Mark Andrews,BAL,5.2,0.0,0.0,0.0,5.2
495,Hawk Tua | Brock Michalek ,Mark Andrews,BAL,5.2,0.0,0.0,0.0,5.2
496,Karrtoons,Cade Otton,TB,5.2,0.0,0.0,0.0,5.2
497,Liebersquad,Mark Andrews,BAL,5.2,0.0,0.0,0.0,5.2
498,Matt’s last chance at fantasy,Mark Andrews,BAL,5.2,0.0,0.0,0.0,5.2
499,Maye Day,Mark Andrews,BAL,5.2,0.0,0.0,0.0,5.2
500,McSRQ,Isaiah Likely,BAL,8.3,0.0,0.0,0.0,8.3
501,Miami Mike Goes Detroit,Will Dissly,LAC,3.6,0.0,0.0,0.0,3.6
502,Michaels motivated sea'men,Will Dissly,LAC,3.6,0.0,0.0,0.0,3.6
503,Murphys,Mark Andrews,BAL,5.2,0.0,0.0,0.0,5.2
504,Mythical Hail Marys,Dallas Goedert,PHI,14.7,0.0,0.0,0.0,14.7
505,New Year |  Same Me | Wesley ,Mark Andrews,BAL,5.2,0.0,0.0,0.0,5.2
506,Nick Dakuginow,Dallas Goedert,PHI,14.7,0.0,0.0,0.0,14.7
507,Pirates Life For Me ,Mark Andrews,BAL,5.2,0.0,0.0,0.0,5.2
508,Sarasota Supreme Team ,Mark Andrews,BAL,5.2,0.0,0.0,0.0,5.2
509,See deez TDs,Mark Andrews,BAL,5.2,0.0,0.0,0.0,5.2
510,Shaun McElroy,Mark Andrews,BAL,5.2,0.0,0.0,0.0,5.2
511,Shot in the Dark / JC,Mark Andrews,BAL,5.2,0.0,0.0,0.0,5.2
512,Show Me Your TDs!/Richard Silva,Mark Andrews,BAL,5.2,0.0,0.0,0.0,5.2
513,Silver Papa,Mark Andrews,BAL,5.2,0.0,0.0,0.0,5.2
514,Stat-O-Matic | Chris K,Mark Andrews,BAL,5.2,0.0,0.0,0.0,5.2
515,Tanja,Mark Andrews,BAL,5.2,0.0,0.0,0.0,5.2
516,Turd Ferguson,Mark Andrews,BAL,5.2,0.0,0.0,0.0,5.2
517,Tutt-Nation,Dallas Goedert,PHI,14.7,0.0,0.0,0.0,14.7
